aggregation_level,take_count,total_frames,evaluated_frames,gesture_frames,no_gesture_frames,no_hand_frames,unannotated_frames,gesture_fraction,no_gesture_fraction,no_hand_fraction,gesture_duration_frames_mean,gesture_duration_frames_median,gesture_duration_frames_std,gesture_duration_frames_q1,gesture_duration_frames_q3,gesture_duration_frames_min,gesture_duration_frames_max,gesture_duration_s_mean,gesture_duration_s_median,gesture_duration_s_std,gesture_duration_s_q1,gesture_duration_s_q3,gesture_duration_s_min,gesture_duration_s_max,public_subject_id,background,gesture_id
global,2550,414456,414456,140408,273871,177,0,0.33877661319898855,0.660796320960488,0.0004270658405234814,55.061960784313726,54.0,11.464038134085731,48.0,62.0,14.0,105.0,2.7530980392156863,2.7,0.5732019067042866,2.4,3.1,0.7,5.25,,,
subject,510,85397,85397,26591,58795,11,0,0.3113809618604869,0.6884902279939576,0.00012881014555546447,52.13921568627451,52.0,6.5090409673684775,48.0,56.0,25.0,98.0,2.606960784313726,2.6,0.32545204836842384,2.4,2.8,1.25,4.9,P01,,
subject,510,83953,83953,29358,54549,46,0,0.34969566304956345,0.6497564113253844,0.0005479256250521125,57.56470588235294,57.0,10.6442163294873,50.0,65.0,21.0,92.0,2.8782352941176472,2.85,0.5322108164743649,2.5,3.25,1.05,4.6,P02,,
subject,510,85270,85270,25971,59199,100,0,0.30457370704819986,0.6942535475548258,0.001172745396974317,50.923529411764704,51.0,8.019869437210275,46.0,56.0,26.0,74.0,2.546176470588235,2.55,0.4009934718605138,2.3,2.8,1.3,3.7,P03,,
subject,510,74469,74469,26380,48069,20,0,0.35424136217755037,0.6454900696934295,0.00026856812902012917,51.72549019607843,50.0,16.137399277971703,40.0,62.75,14.0,105.0,2.5862745098039217,2.5,0.8068699638985852,2.0,3.1375,0.7,5.25,P04,,
subject,510,85367,85367,32108,53259,0,0,0.37611723499713,0.62388276500287,0.0,62.956862745098036,63.0,8.494196676066185,57.0,69.0,36.0,92.0,3.147843137254902,3.15,0.42470983380330923,2.85,3.45,1.8,4.6,P05,,
background,850,132799,132799,45590,87191,18,0,0.34330077786730323,0.6565636789433655,0.00013554318933124498,53.63529411764706,53.0,9.167139371673295,48.0,59.0,14.0,90.0,2.681764705882353,2.65,0.4583569685836648,2.4,2.95,0.7,4.5,,BLACK,
background,850,130906,130906,42638,88154,114,0,0.32571463492888025,0.6734145111759583,0.0008708538951614135,50.16235294117647,50.0,11.294202276294397,43.0,57.0,15.0,98.0,2.508117647058824,2.5,0.5647101138147198,2.15,2.85,0.75,4.9,,BLUE,
background,850,150751,150751,52180,98526,45,0,0.3461336906554517,0.6535678038619976,0.0002985054825506962,61.38823529411765,61.0,10.80951258166481,54.0,68.0,24.0,105.0,3.0694117647058823,3.05,0.5404756290832405,2.7,3.4,1.2,5.25,,WHITE,
gesture,150,24092,24092,7886,16187,19,0,0.3273285738004317,0.6718827826664453,0.0007886435331230284,52.57333333333333,53.0,10.130919293285746,47.0,58.0,26.0,92.0,2.628666666666667,2.65,0.5065459646642873,2.35,2.9,1.3,4.6,,,A
gesture,150,23861,23861,7862,15955,44,0,0.329491639076317,0.6686643476803151,0.0018440132433678387,52.413333333333334,52.0,10.794720724767599,47.0,58.0,16.0,75.0,2.6206666666666663,2.6,0.5397360362383798,2.35,2.9,0.8,3.75,,,B
gesture,150,23960,23960,7910,16035,15,0,0.33013355592654425,0.6692404006677797,0.0006260434056761269,52.733333333333334,53.0,11.062159131618197,47.0,59.75,18.0,88.0,2.636666666666667,2.65,0.5531079565809098,2.35,2.9875,0.9,4.4,,,C
gesture,150,24677,24677,8314,16351,12,0,0.3369129148599911,0.6626008023665761,0.00048628277343275116,55.42666666666667,55.0,10.732467623875655,48.25,63.0,22.0,83.0,2.771333333333333,2.75,0.5366233811937828,2.4125,3.15,1.1,4.15,,,E
gesture,150,24715,24715,8472,16218,25,0,0.3427877806999798,0.6562006878413918,0.0010115314586283633,56.48,57.0,11.654258662242011,50.0,63.0,14.0,98.0,2.8240000000000003,2.85,0.5827129331121006,2.5,3.15,0.7,4.9,,,I
gesture,150,24666,24666,8521,16142,3,0,0.34545528257520475,0.6544230925160139,0.00012162490878131841,56.806666666666665,56.0,11.977998099797277,49.0,64.0,15.0,105.0,2.840333333333333,2.8,0.5988999049898639,2.45,3.2,0.75,5.25,,,L
gesture,150,24142,24142,8184,15948,10,0,0.3389942838207274,0.6605915002899512,0.0004142158893215144,54.56,54.0,11.26941575875272,46.0,60.75,30.0,86.0,2.7279999999999998,2.7,0.563470787937636,2.3,3.0374999999999996,1.5,4.3,,,M
gesture,150,24617,24617,7859,16752,6,0,0.31925092415810213,0.680505341836942,0.00024373400495592476,52.39333333333333,52.0,10.64049291553068,47.0,58.0,24.0,84.0,2.619666666666667,2.6,0.5320246457765341,2.35,2.9,1.2,4.2,,,N
gesture,150,24754,24754,8498,16256,0,0,0.3432980528399451,0.6567019471600549,0.0,56.653333333333336,57.0,12.041308467923526,48.25,65.75,27.0,83.0,2.8326666666666664,2.85,0.6020654233961762,2.4125,3.2874999999999996,1.35,4.15,,,O
gesture,150,24284,24284,8209,16074,1,0,0.33804150881238676,0.6619173118102454,4.1179377367814196e-05,54.72666666666667,53.0,10.647428820713948,48.0,60.0,18.0,83.0,2.736333333333333,2.65,0.5323714410356974,2.4,3.0,0.9,4.15,,,P
gesture,150,24430,24430,8145,16284,1,0,0.3334015554645927,0.6665575112566516,4.0933278755628324e-05,54.3,53.0,11.936493026505401,47.0,59.0,27.0,92.0,2.715,2.65,0.5968246513252701,2.35,2.95,1.35,4.6,,,R
gesture,150,24494,24494,8601,15882,11,0,0.35114721972728014,0.6484036906997632,0.0004490895729566424,57.34,57.5,12.796722525027663,51.0,65.0,15.0,90.0,2.8670000000000004,2.875,0.6398361262513831,2.55,3.25,0.75,4.5,,,S
gesture,150,24615,24615,8702,15910,3,0,0.35352427381677837,0.6463538492788949,0.0001218769043266301,58.013333333333335,58.0,12.10135422377252,50.0,66.0,31.0,90.0,2.9006666666666665,2.9,0.605067711188626,2.5,3.3,1.55,4.5,,,T
gesture,150,23757,23757,7830,15914,13,0,0.32958706907437807,0.6698657237866734,0.0005472071389485204,52.2,51.0,11.374055016430091,45.0,59.75,29.0,92.0,2.61,2.55,0.5687027508215046,2.25,2.9875,1.45,4.6,,,U
gesture,150,24594,24594,8669,15922,3,0,0.3524843457753924,0.6473936732536391,0.00012198097096852891,57.79333333333334,56.5,10.354324497241885,52.0,63.0,29.0,94.0,2.8896666666666664,2.825,0.5177162248620943,2.6,3.15,1.45,4.7,,,V
gesture,150,24296,24296,8343,15952,1,0,0.3433898584129075,0.6565689825485677,4.115903852486006e-05,55.62,55.0,11.477243314226623,50.0,61.0,21.0,91.0,2.7809999999999997,2.75,0.5738621657113312,2.5,3.05,1.05,4.55,,,W
gesture,150,24502,24502,8403,16089,10,0,0.3429515957880989,0.6566402742633255,0.0004081299485756265,56.02,55.5,11.274173134459655,49.0,63.75,19.0,90.0,2.8009999999999997,2.775,0.5637086567229826,2.45,3.1875,0.95,4.5,,,Y
subject_background,170,26661,26661,8577,18084,0,0,0.32170586249578037,0.6782941375042196,0.0,50.45294117647059,50.0,4.649949754396579,47.0,53.0,29.0,61.0,2.5226470588235297,2.5,0.23249748771982898,2.35,2.65,1.45,3.05,P01,BLACK,
subject_background,170,27957,27957,8353,19604,0,0,0.2987802696998963,0.7012197303001038,0.0,49.13529411764706,49.0,6.9281555027568045,46.0,52.0,25.0,98.0,2.4567647058823527,2.45,0.34640777513784027,2.3,2.6,1.25,4.9,P01,BLUE,
subject_background,170,30779,30779,9661,21107,11,0,0.31388284219760226,0.6857597712726209,0.00035738652977679585,56.82941176470588,57.0,4.8905493581716195,54.0,59.0,34.0,72.0,2.841470588235294,2.85,0.244527467908581,2.7,2.95,1.7,3.6,P01,WHITE,
subject_background,170,26746,26746,9405,17324,17,0,0.3516413669333732,0.6477230240035893,0.0006356090630374636,55.3235294117647,56.0,9.449086829287465,50.25,61.0,21.0,81.0,2.7661764705882352,2.8,0.47245434146437326,2.5125,3.05,1.05,4.05,P02,BLACK,
subject_background,170,26519,26519,8679,17817,23,0,0.32727478411704813,0.6718579131943135,0.0008673026886383347,51.05294117647059,51.0,7.352704903965842,48.0,56.0,31.0,80.0,2.5526470588235295,2.55,0.36763524519829205,2.4,2.8,1.55,4.0,P02,BLUE,
subject_background,170,30688,30688,11274,19408,6,0,0.36737486965589156,0.632429614181439,0.00019551616266944735,66.31764705882352,66.0,8.55087353536998,61.0,71.0,42.0,92.0,3.315882352941177,3.3,0.427543676768499,3.05,3.55,2.1,4.6,P02,WHITE,
subject_background,170,26957,26957,8309,18647,1,0,0.30823162814853283,0.6917312757354305,3.709611603665096e-05,48.87647058823529,49.5,6.802542981844356,45.0,53.0,26.0,69.0,2.443823529411765,2.475,0.34012714909221775,2.25,2.65,1.3,3.45,P03,BLACK,
subject_background,170,27652,27652,8232,19341,79,0,0.2976999855345002,0.6994430782583538,0.002856936207145957,48.423529411764704,49.5,7.8715673959104615,43.0,53.0,27.0,67.0,2.4211764705882355,2.475,0.39357836979552313,2.15,2.65,1.35,3.35,P03,BLUE,
subject_background,170,30661,30661,9430,21211,20,0,0.30755683115358273,0.6917908744007045,0.0006522944457127948,55.470588235294116,55.0,7.360679533998722,51.0,60.0,36.0,74.0,2.773529411764706,2.75,0.36803397669993604,2.55,3.0,1.8,3.7,P03,WHITE,
subject_background,170,25545,25545,8884,16661,0,0,0.3477784302211783,0.6522215697788217,0.0,52.258823529411764,53.0,10.457751510485625,47.0,59.0,14.0,90.0,2.6129411764705885,2.65,0.5228875755242813,2.35,2.95,0.7,4.5,P04,BLACK,
subject_background,170,20587,20587,6553,14022,12,0,0.31830766988876474,0.6811094379948511,0.0005828921163841259,38.54705882352941,38.0,9.12118398101114,33.0,44.0,15.0,71.0,1.9273529411764705,1.9,0.45605919905055703,1.65,2.2,0.75,3.55,P04,BLUE,
subject_background,170,28337,28337,10943,17386,8,0,0.38617355401065745,0.6135441295832305,0.0002823164061121502,64.37058823529412,67.0,15.998086598086058,52.25,77.0,24.0,105.0,3.2185294117647056,3.35,0.799904329904303,2.6125,3.85,1.2,5.25,P04,WHITE,
subject_background,170,26890,26890,10415,16475,0,0,0.38731870583860173,0.6126812941613983,0.0,61.26470588235294,61.0,7.702719198379078,56.0,68.0,37.0,79.0,3.0632352941176473,3.05,0.38513595991895383,2.8,3.4,1.85,3.95,P05,BLACK,
subject_background,170,28191,28191,10821,17370,0,0,0.3838459082685964,0.6161540917314037,0.0,63.65294117647059,63.0,8.361125716729608,58.0,69.0,43.0,86.0,3.182647058823529,3.15,0.41805628583648036,2.9,3.45,2.15,4.3,P05,BLUE,
subject_background,170,30286,30286,10872,19414,0,0,0.35897774549296707,0.641022254507033,0.0,63.95294117647059,64.0,9.148875033315164,57.0,70.0,36.0,92.0,3.197647058823529,3.2,0.4574437516657582,2.85,3.5,1.8,4.6,P05,WHITE,
subject_gesture,30,5018,5018,1592,3426,0,0,0.31725787166201674,0.6827421283379833,0.0,53.06666666666667,53.0,4.4251112071226295,49.25,55.75,46.0,62.0,2.6533333333333338,2.65,0.2212555603561315,2.4625000000000004,2.7874999999999996,2.3,3.1,P01,,A
subject_gesture,30,4970,4970,1543,3427,0,0,0.31046277665995975,0.6895372233400402,0.0,51.43333333333333,51.0,4.031627833581089,49.25,53.75,43.0,61.0,2.5716666666666663,2.55,0.20158139167905448,2.4625000000000004,2.6875,2.15,3.05,P01,,B
subject_gesture,30,4971,4971,1577,3394,0,0,0.3172399919533293,0.6827600080466707,0.0,52.56666666666667,53.5,5.834991554131129,50.0,56.75,38.0,64.0,2.6283333333333343,2.675,0.29174957770655646,2.5,2.8375,1.9,3.2,P01,,C
subject_gesture,30,5030,5030,1544,3486,0,0,0.3069582504970179,0.6930417495029821,0.0,51.46666666666667,51.0,6.8718984644526815,48.0,56.75,38.0,65.0,2.5733333333333333,2.55,0.34359492322263413,2.4,2.8375,1.9,3.25,P01,,E
subject_gesture,30,5027,5027,1649,3378,0,0,0.3280286453152974,0.6719713546847026,0.0,54.96666666666667,55.5,12.399898034434308,49.5,60.5,25.0,98.0,2.7483333333333335,2.775,0.6199949017217155,2.475,3.025,1.25,4.9,P01,,I
subject_gesture,30,5041,5041,1595,3446,0,0,0.316405475104146,0.683594524895854,0.0,53.166666666666664,52.0,6.091731724419489,48.25,57.0,43.0,67.0,2.6583333333333328,2.5999999999999996,0.3045865862209745,2.4125,2.85,2.15,3.35,P01,,L
subject_gesture,30,5039,5039,1543,3496,0,0,0.30621154991069655,0.6937884500893035,0.0,51.43333333333333,52.0,5.581269991018503,46.5,55.75,41.0,64.0,2.5716666666666668,2.6,0.2790634995509252,2.3249999999999997,2.7874999999999996,2.05,3.2,P01,,M
subject_gesture,30,5034,5034,1486,3548,0,0,0.2951926897099722,0.7048073102900279,0.0,49.53333333333333,48.0,4.833313515615337,46.25,53.0,40.0,60.0,2.476666666666667,2.4,0.24166567578076684,2.3125,2.65,2.0,3.0,P01,,N
subject_gesture,30,5046,5046,1564,3482,0,0,0.3099484740388426,0.6900515259611574,0.0,52.13333333333333,53.0,7.228932927090126,48.25,57.75,27.0,61.0,2.6066666666666665,2.65,0.36144664635450635,2.4125,2.8875,1.35,3.05,P01,,O
subject_gesture,30,5027,5027,1560,3467,0,0,0.3103242490551024,0.6896757509448975,0.0,52.0,52.0,4.675689143379534,49.0,55.0,40.0,60.0,2.6000000000000005,2.6,0.23378445716897675,2.45,2.75,2.0,3.0,P01,,P
subject_gesture,30,5005,5005,1468,3537,0,0,0.2933066933066933,0.7066933066933067,0.0,48.93333333333333,49.0,6.107843082990654,46.25,52.0,35.0,60.0,2.4466666666666668,2.45,0.3053921541495327,2.3125,2.6,1.75,3.0,P01,,R
subject_gesture,30,5084,5084,1627,3446,11,0,0.32002360346184106,0.6778127458693942,0.0021636506687647524,54.233333333333334,53.5,5.250177884233253,51.0,59.0,42.0,64.0,2.7116666666666664,2.675,0.2625088942116626,2.55,2.95,2.1,3.2,P01,,S
subject_gesture,30,5065,5065,1610,3455,0,0,0.31786771964461996,0.6821322803553801,0.0,53.666666666666664,53.5,6.098803349744158,50.0,58.75,40.0,63.0,2.6833333333333327,2.675,0.3049401674872079,2.5,2.9375,2.0,3.15,P01,,T
subject_gesture,30,4940,4940,1450,3490,0,0,0.2935222672064777,0.7064777327935222,0.0,48.333333333333336,46.5,6.577565493105481,45.0,52.75,34.0,69.0,2.4166666666666665,2.325,0.3288782746552741,2.25,2.6375,1.7,3.45,P01,,U
subject_gesture,30,5035,5035,1557,3478,0,0,0.3092353525322741,0.6907646474677259,0.0,51.9,52.0,5.094621910779357,47.25,56.0,42.0,61.0,2.5949999999999993,2.6,0.25473109553896783,2.3625,2.8,2.1,3.05,P01,,V
subject_gesture,30,4995,4995,1636,3359,0,0,0.3275275275275275,0.6724724724724724,0.0,54.53333333333333,54.5,6.151721560743751,51.0,57.75,42.0,68.0,2.726666666666667,2.725,0.30758607803718757,2.55,2.8875,2.1,3.4,P01,,W
subject_gesture,30,5070,5070,1590,3480,0,0,0.3136094674556213,0.6863905325443787,0.0,53.0,51.5,6.291757059562275,49.25,56.0,42.0,72.0,2.65,2.575,0.3145878529781137,2.4625000000000004,2.8,2.1,3.6,P01,,Y
subject_gesture,30,4964,4964,1694,3267,3,0,0.34125705076551166,0.6581385979049154,0.0006043513295729251,56.46666666666667,54.5,9.768822091607118,51.0,60.5,43.0,92.0,2.823333333333333,2.725,0.4884411045803559,2.55,3.025,2.15,4.6,P02,,A
subject_gesture,30,4941,4941,1704,3234,3,0,0.344869459623558,0.6545233758348512,0.0006071645415907711,56.8,57.0,8.949667687916572,52.0,61.75,35.0,75.0,2.8400000000000003,2.8499999999999996,0.44748338439582847,2.6,3.0875,1.75,3.75,P02,,B
subject_gesture,30,4928,4928,1537,3385,6,0,0.3118912337662338,0.6868912337662337,0.0012175324675324675,51.233333333333334,52.0,11.96167250828254,42.25,59.75,31.0,75.0,2.5616666666666665,2.5999999999999996,0.598083625414127,2.1125,2.9875,1.55,3.75,P02,,C
subject_gesture,30,5005,5005,1733,3270,2,0,0.3462537462537463,0.6533466533466533,0.0003996003996003996,57.766666666666666,56.5,9.04274650578109,51.5,64.0,38.0,80.0,2.888333333333334,2.825,0.4521373252890545,2.5749999999999997,3.2,1.9,4.0,P02,,E
subject_gesture,30,5067,5067,1794,3250,23,0,0.3540556542332741,0.6414051707124532,0.0045391750542727455,59.8,61.5,10.080366714730586,52.5,66.75,40.0,77.0,2.99,3.075,0.5040183357365292,2.625,3.3375,2.0,3.85,P02,,I
subject_gesture,30,5070,5070,1829,3240,1,0,0.36074950690335306,0.6390532544378699,0.0001972386587771203,60.96666666666667,63.0,10.755859135704894,54.25,67.5,39.0,89.0,3.0483333333333333,3.15,0.5377929567852447,2.7125000000000004,3.375,1.95,4.45,P02,,L
subject_gesture,30,4951,4951,1751,3198,2,0,0.3536659260755403,0.6459301151282569,0.0004039587962027873,58.36666666666667,57.0,9.911620951441671,50.25,64.5,45.0,83.0,2.918333333333334,2.8499999999999996,0.4955810475720835,2.5125,3.225,2.25,4.15,P02,,M
subject_gesture,30,4987,4987,1732,3253,2,0,0.3473029877681973,0.652295969520754,0.0004010427110487267,57.733333333333334,58.0,8.982486152021853,51.25,65.0,39.0,75.0,2.886666666666666,2.9,0.4491243076010926,2.5625,3.25,1.95,3.75,P02,,N
subject_gesture,30,4970,4970,1798,3172,0,0,0.3617706237424547,0.6382293762575453,0.0,59.93333333333333,58.0,10.474709553485722,55.0,65.75,41.0,80.0,2.9966666666666675,2.9,0.5237354776742862,2.75,3.2874999999999996,2.05,4.0,P02,,O
subject_gesture,30,4874,4874,1758,3115,1,0,0.3606893721789085,0.6391054575297497,0.0002051702913418137,58.6,54.5,11.053475034794603,50.0,68.0,44.0,83.0,2.93,2.725,0.5526737517397303,2.5,3.4000000000000004,2.2,4.15,P02,,P
subject_gesture,30,4955,4955,1651,3304,0,0,0.33319878910191725,0.6668012108980828,0.0,55.03333333333333,54.5,9.753808569435604,49.0,59.5,39.0,80.0,2.7516666666666665,2.725,0.4876904284717801,2.45,2.975,1.95,4.0,P02,,R
subject_gesture,30,4854,4854,1608,3246,0,0,0.33127317676143386,0.6687268232385661,0.0,53.6,56.5,13.634641479549877,50.0,61.75,21.0,78.0,2.6800000000000006,2.825,0.6817320739774938,2.5,3.0875,1.05,3.9,P02,,S
subject_gesture,30,4880,4880,1839,3041,0,0,0.37684426229508194,0.6231557377049181,0.0,61.3,60.0,9.653121703401945,56.0,66.75,47.0,87.0,3.0649999999999995,3.0,0.4826560851700972,2.8,3.3375,2.35,4.35,P02,,T
subject_gesture,30,4711,4711,1609,3100,2,0,0.3415410740819359,0.6580343876034812,0.0004245383145828911,53.63333333333333,49.0,12.505125385998344,45.25,60.75,38.0,92.0,2.6816666666666666,2.45,0.6252562692999172,2.2625,3.0374999999999996,1.9,4.6,P02,,U
subject_gesture,30,4999,4999,1884,3115,0,0,0.376875375075015,0.623124624924985,0.0,62.8,62.5,8.615943521090461,57.5,68.75,44.0,81.0,3.1399999999999997,3.125,0.43079717605452306,2.875,3.4375,2.2,4.05,P02,,V
subject_gesture,30,4891,4891,1681,3209,1,0,0.3436924964219996,0.6561030464117767,0.00020445716622367614,56.03333333333333,55.5,8.853144126215287,51.0,58.75,36.0,77.0,2.8016666666666667,2.775,0.44265720631076433,2.55,2.9375,1.8,3.85,P02,,W
subject_gesture,30,4906,4906,1756,3150,0,0,0.3579290664492458,0.6420709335507542,0.0,58.53333333333333,57.5,11.122308534042597,51.0,67.0,39.0,90.0,2.9266666666666667,2.875,0.5561154267021299,2.55,3.35,1.95,4.5,P02,,Y
subject_gesture,30,4999,4999,1531,3452,16,0,0.3062612522504501,0.6905381076215243,0.003200640128025605,51.03333333333333,51.0,8.159966756749954,48.25,54.0,26.0,69.0,2.5516666666666667,2.55,0.4079983378374977,2.4125,2.7,1.3,3.45,P03,,A
subject_gesture,30,5026,5026,1449,3536,41,0,0.2883008356545961,0.703541583764425,0.00815758058097891,48.3,48.0,8.518337218349439,42.0,56.25,33.0,63.0,2.415,2.4,0.42591686091747194,2.1,2.8125,1.65,3.15,P03,,B
subject_gesture,30,5043,5043,1542,3492,9,0,0.3057703747769185,0.6924449732302201,0.001784651992861392,51.4,51.5,8.6167439245964,46.25,57.0,28.0,67.0,2.5700000000000003,2.575,0.43083719622982003,2.3125,2.85,1.4,3.35,P03,,C
subject_gesture,30,5042,5042,1538,3494,10,0,0.3050376834589449,0.6929789765965887,0.0019833399444664813,51.266666666666666,53.0,7.519782339721117,45.25,56.5,33.0,66.0,2.5633333333333326,2.65,0.37598911698605586,2.2625,2.825,1.65,3.3,P03,,E
subject_gesture,30,5027,5027,1552,3473,2,0,0.30873284264969164,0.6908693057489557,0.00039785160135269546,51.733333333333334,51.5,7.7233784519887205,47.0,58.25,38.0,66.0,2.586666666666667,2.575,0.386168922599436,2.35,2.9125,1.9,3.3,P03,,I
subject_gesture,30,5020,5020,1511,3509,0,0,0.30099601593625497,0.699003984063745,0.0,50.36666666666667,50.5,6.440621801922722,46.25,53.75,37.0,67.0,2.518333333333333,2.525,0.3220310900961362,2.3125,2.6875,1.85,3.35,P03,,L
subject_gesture,30,5051,5051,1504,3539,8,0,0.2977628192437141,0.7006533359730747,0.0015838447832112453,50.13333333333333,49.0,8.696940933983363,43.5,54.75,34.0,69.0,2.506666666666667,2.45,0.43484704669916807,2.175,2.7375,1.7,3.45,P03,,M
subject_gesture,30,5050,5050,1526,3523,1,0,0.30217821782178217,0.6976237623762376,0.00019801980198019803,50.86666666666667,50.0,8.83071963066444,46.5,55.0,33.0,73.0,2.5433333333333334,2.5,0.441535981533222,2.3249999999999997,2.75,1.65,3.65,P03,,N
subject_gesture,30,5071,5071,1481,3590,0,0,0.29205284953658056,0.7079471504634195,0.0,49.36666666666667,50.0,7.024505545653698,44.25,54.75,35.0,66.0,2.4683333333333333,2.5,0.3512252772826848,2.2125000000000004,2.7375,1.75,3.3,P03,,O
subject_gesture,30,4951,4951,1537,3414,0,0,0.31044233488184203,0.689557665118158,0.0,51.233333333333334,52.0,6.584639038274445,47.25,54.0,37.0,70.0,2.561666666666667,2.6,0.32923195191372223,2.3625,2.7,1.85,3.5,P03,,P
subject_gesture,30,4998,4998,1516,3481,1,0,0.3033213285314126,0.6964785914365746,0.00020008003201280514,50.53333333333333,51.5,7.775883732161378,47.25,55.0,27.0,66.0,2.526666666666667,2.575,0.38879418660806886,2.3625,2.75,1.35,3.3,P03,,R
subject_gesture,30,5038,5038,1555,3483,0,0,0.3086542278682017,0.6913457721317984,0.0,51.833333333333336,53.0,9.288789436487528,47.5,57.75,28.0,65.0,2.5916666666666672,2.65,0.4644394718243765,2.375,2.8875,1.4,3.25,P03,,S
subject_gesture,30,5040,5040,1463,3575,2,0,0.2902777777777778,0.7093253968253969,0.0003968253968253968,48.766666666666666,50.5,9.503840723925624,43.25,55.5,32.0,66.0,2.4383333333333335,2.525,0.4751920361962811,2.1625,2.775,1.6,3.3,P03,,T
subject_gesture,30,4854,4854,1468,3378,8,0,0.30243098475484137,0.695920889987639,0.0016481252575195715,48.93333333333333,49.0,9.005490024130426,42.25,54.0,31.0,72.0,2.4466666666666668,2.45,0.45027450120652135,2.1125,2.7,1.55,3.6,P03,,U
subject_gesture,30,5063,5063,1605,3456,2,0,0.3170057278293502,0.6825992494568438,0.00039502271380604387,53.5,53.0,5.63088772323904,50.0,57.0,42.0,65.0,2.675,2.65,0.281544386161952,2.5,2.85,2.1,3.25,P03,,V
subject_gesture,30,4945,4945,1602,3343,0,0,0.32396359959555104,0.6760364004044489,0.0,53.4,53.0,8.360828205139851,50.0,56.0,31.0,74.0,2.6700000000000004,2.65,0.41804141025699265,2.5,2.8,1.55,3.7,P03,,W
subject_gesture,30,5052,5052,1591,3461,0,0,0.3149247822644497,0.6850752177355502,0.0,53.03333333333333,52.5,7.227740302823384,48.0,58.0,39.0,69.0,2.6516666666666677,2.625,0.3613870151411692,2.4,2.9,1.95,3.45,P03,,Y
subject_gesture,30,4066,4066,1252,2814,0,0,0.30791933103787505,0.692080668962125,0.0,41.733333333333334,41.5,8.808042302089738,36.0,46.0,26.0,62.0,2.0866666666666664,2.075,0.4404021151044869,1.8,2.3,1.3,3.1,P04,,A
subject_gesture,30,3881,3881,1262,2619,0,0,0.32517392424632824,0.6748260757536717,0.0,42.06666666666667,42.0,9.909707303981017,39.0,49.5,16.0,58.0,2.1033333333333335,2.1,0.49548536519905084,1.95,2.475,0.8,2.9,P04,,B
subject_gesture,30,3959,3959,1402,2557,0,0,0.35412983076534477,0.6458701692346552,0.0,46.733333333333334,47.0,13.989979993905818,37.5,53.75,18.0,88.0,2.336666666666667,2.35,0.6994989996952911,1.875,2.6875,0.9,4.4,P04,,C
subject_gesture,30,4589,4589,1632,2957,0,0,0.3556330355197211,0.644366964480279,0.0,54.4,56.0,16.132212367250467,44.25,66.0,22.0,83.0,2.72,2.8,0.8066106183625235,2.2125000000000004,3.3,1.1,4.15,P04,,E
subject_gesture,30,4573,4573,1660,2913,0,0,0.3630002186748305,0.6369997813251694,0.0,55.333333333333336,56.5,16.971240040307812,40.0,67.0,14.0,85.0,2.7666666666666666,2.825,0.8485620020153907,2.0,3.35,0.7,4.25,P04,,I
subject_gesture,30,4515,4515,1633,2880,2,0,0.3616832779623477,0.6378737541528239,0.00044296788482834997,54.43333333333333,51.0,18.256190888219987,41.5,65.0,15.0,105.0,2.721666666666666,2.55,0.9128095444109994,2.0749999999999997,3.25,0.75,5.25,P04,,L
subject_gesture,30,4002,4002,1354,2648,0,0,0.33833083458270863,0.6616691654172914,0.0,45.13333333333333,45.0,7.304855887711263,40.0,52.75,30.0,57.0,2.2566666666666673,2.25,0.3652427943855631,2.0,2.6375,1.5,2.85,P04,,M
subject_gesture,30,4445,4445,1399,3043,3,0,0.31473565804274467,0.6845894263217098,0.0006749156355455568,46.63333333333333,45.0,14.174973899710405,37.25,55.5,24.0,79.0,2.331666666666666,2.25,0.7087486949855204,1.8625,2.775,1.2,3.95,P04,,N
subject_gesture,30,4590,4590,1562,3028,0,0,0.34030501089324616,0.6596949891067538,0.0,52.06666666666667,53.0,14.146848883526442,38.5,63.0,27.0,76.0,2.6033333333333335,2.65,0.7073424441763221,1.9249999999999998,3.1500000000000004,1.35,3.8,P04,,O
subject_gesture,30,4442,4442,1627,2815,0,0,0.36627645204862674,0.6337235479513732,0.0,54.233333333333334,53.5,16.348960387349603,42.25,70.75,18.0,79.0,2.7116666666666664,2.675,0.81744801936748,2.1125,3.5374999999999996,0.9,3.95,P04,,P
subject_gesture,30,4424,4424,1700,2724,0,0,0.38426763110307416,0.6157323688969258,0.0,56.666666666666664,49.0,18.8612599376813,41.5,72.75,29.0,92.0,2.8333333333333335,2.45,0.9430629968840649,2.0749999999999997,3.6375,1.45,4.6,P04,,R
subject_gesture,30,4550,4550,1806,2744,0,0,0.39692307692307693,0.6030769230769231,0.0,60.2,62.0,18.075321335437174,46.5,73.0,15.0,90.0,3.0100000000000002,3.1,0.9037660667718589,2.3249999999999997,3.65,0.75,4.5,P04,,S
subject_gesture,30,4595,4595,1749,2845,1,0,0.3806311207834603,0.6191512513601741,0.0002176278563656148,58.3,56.5,16.659159228691482,46.5,70.0,31.0,90.0,2.9149999999999996,2.825,0.832957961434574,2.3249999999999997,3.5,1.55,4.5,P04,,T
subject_gesture,30,4369,4369,1416,2950,3,0,0.324101625085832,0.6752117189288167,0.000686655985351339,47.2,47.0,13.473857190359666,35.0,56.0,29.0,80.0,2.36,2.35,0.6736928595179834,1.75,2.8,1.45,4.0,P04,,U
subject_gesture,30,4515,4515,1752,2762,1,0,0.38803986710963456,0.6117386489479513,0.00022148394241417498,58.4,58.0,15.590890355235185,46.0,66.0,29.0,94.0,2.9199999999999995,2.9000000000000004,0.7795445177617591,2.3,3.3,1.45,4.7,P04,,V
subject_gesture,30,4474,4474,1614,2860,0,0,0.3607510058113545,0.6392489941886456,0.0,53.8,51.0,19.642318846184438,37.25,69.5,21.0,91.0,2.69,2.55,0.9821159423092218,1.8625,3.475,1.05,4.55,P04,,W
subject_gesture,30,4480,4480,1560,2910,10,0,0.3482142857142857,0.6495535714285714,0.002232142857142857,52.0,50.5,16.64435287893827,40.25,66.0,19.0,84.0,2.6,2.5250000000000004,0.8322176439469134,2.0125,3.3,0.95,4.2,P04,,Y
subject_gesture,30,5045,5045,1817,3228,0,0,0.3601585728444004,0.6398414271555996,0.0,60.56666666666667,61.5,7.881376272836045,56.25,65.0,44.0,72.0,3.028333333333334,3.075,0.3940688136418023,2.8125,3.25,2.2,3.6,P05,,A
subject_gesture,30,5043,5043,1904,3139,0,0,0.37755304382312116,0.6224469561768788,0.0,63.46666666666667,63.5,7.486693176072042,57.25,70.5,49.0,75.0,3.173333333333333,3.175,0.37433465880360206,2.8625,3.525,2.45,3.75,P05,,B
subject_gesture,30,5059,5059,1852,3207,0,0,0.3660802530144297,0.6339197469855703,0.0,61.733333333333334,62.0,7.510605528337835,56.25,67.25,47.0,77.0,3.0866666666666664,3.1,0.37553027641689174,2.8125,3.3625,2.35,3.85,P05,,C
subject_gesture,30,5011,5011,1867,3144,0,0,0.3725803232887647,0.6274196767112353,0.0,62.233333333333334,62.0,7.56435986914194,56.0,67.0,47.0,78.0,3.1116666666666664,3.1,0.37821799345709695,2.8,3.35,2.35,3.9,P05,,E
subject_gesture,30,5021,5021,1817,3204,0,0,0.36188010356502687,0.6381198964349731,0.0,60.56666666666667,62.0,6.25152854871529,57.0,63.0,49.0,72.0,3.0283333333333333,3.1,0.3125764274357645,2.85,3.15,2.45,3.6,P05,,I
subject_gesture,30,5020,5020,1953,3067,0,0,0.3890438247011952,0.6109561752988047,0.0,65.1,65.0,7.621883195659447,59.5,70.0,50.0,82.0,3.255,3.25,0.3810941597829723,2.975,3.5,2.5,4.1,P05,,L
subject_gesture,30,5099,5099,2032,3067,0,0,0.3985095116689547,0.6014904883310453,0.0,67.73333333333333,68.0,8.792368686903249,60.25,73.75,52.0,86.0,3.386666666666667,3.4,0.4396184343451625,3.0125,3.6875,2.6,4.3,P05,,M
subject_gesture,30,5101,5101,1716,3385,0,0,0.3364046265438149,0.663595373456185,0.0,57.2,56.5,10.008272440405452,51.25,60.75,37.0,84.0,2.8599999999999994,2.825,0.5004136220202726,2.5625,3.0374999999999996,1.85,4.2,P05,,N
subject_gesture,30,5077,5077,2093,2984,0,0,0.41225132952531024,0.5877486704746898,0.0,69.76666666666667,69.0,6.831384639438333,64.5,74.0,59.0,83.0,3.4883333333333337,3.45,0.34156923197191674,3.225,3.7,2.95,4.15,P05,,O
subject_gesture,30,4990,4990,1727,3263,0,0,0.34609218436873745,0.6539078156312625,0.0,57.56666666666667,57.5,9.130031284961065,52.25,62.75,36.0,77.0,2.878333333333333,2.875,0.4565015642480533,2.6125,3.1375,1.8,3.85,P05,,P
subject_gesture,30,5048,5048,1810,3238,0,0,0.35855784469096674,0.6414421553090333,0.0,60.333333333333336,58.5,9.742665971379964,53.0,65.25,46.0,92.0,3.016666666666667,2.925,0.48713329856899806,2.65,3.2624999999999997,2.3,4.6,P05,,R
subject_gesture,30,4968,4968,2005,2963,0,0,0.4035829307568438,0.5964170692431562,0.0,66.83333333333333,67.5,7.57529256671083,60.75,71.75,51.0,82.0,3.341666666666667,3.375,0.3787646283355416,3.0375,3.5875,2.55,4.1,P05,,S
subject_gesture,30,5035,5035,2041,2994,0,0,0.4053624627606753,0.5946375372393248,0.0,68.03333333333333,68.5,5.57385110062639,65.0,71.0,55.0,81.0,3.401666666666666,3.425,0.2786925550313195,3.25,3.55,2.75,4.05,P05,,T
subject_gesture,30,4883,4883,1887,2996,0,0,0.38644276059799304,0.613557239402007,0.0,62.9,61.0,5.428850135443366,58.25,67.0,56.0,76.0,3.145,3.05,0.2714425067721683,2.9125,3.35,2.8,3.8,P05,,U
subject_gesture,30,4982,4982,1871,3111,0,0,0.3755519871537535,0.6244480128462465,0.0,62.36666666666667,62.0,8.539899592938506,56.0,68.75,49.0,82.0,3.118333333333333,3.1,0.42699497964692534,2.8,3.4375,2.45,4.1,P05,,V
subject_gesture,30,4991,4991,1810,3181,0,0,0.362652774994991,0.6373472250050091,0.0,60.333333333333336,60.0,8.48257172020996,54.25,66.75,41.0,80.0,3.016666666666667,3.0,0.42412858601049797,2.7125000000000004,3.3375,2.05,4.0,P05,,W
subject_gesture,30,4994,4994,1906,3088,0,0,0.381657989587505,0.618342010412495,0.0,63.53333333333333,62.0,7.758125143817058,58.25,68.0,49.0,85.0,3.176666666666667,3.1,0.38790625719085287,2.9125,3.4,2.45,4.25,P05,,Y
background_gesture,50,7787,7787,2614,5170,3,0,0.3356876846025427,0.6639270579170412,0.0003852574804160781,52.28,53.0,7.645300010130273,48.0,56.75,26.0,70.0,2.614,2.65,0.3822650005065137,2.4,2.8375,1.3,3.5,,BLACK,A
background_gesture,50,7801,7801,2607,5191,3,0,0.3341879246250481,0.6654275092936803,0.0003845660812716318,52.14,52.0,8.131596223550279,48.0,58.0,37.0,75.0,2.6069999999999998,2.6,0.4065798111775139,2.4,2.9,1.85,3.75,,BLACK,B
background_gesture,50,7834,7834,2752,5076,6,0,0.35128925197855504,0.6479448557569568,0.0007658922644881287,55.04,53.0,9.129365044867523,50.0,61.0,35.0,88.0,2.752,2.65,0.45646825224337617,2.5,3.05,1.75,4.4,,BLACK,C
background_gesture,50,7927,7927,2740,5187,0,0,0.34565409360413774,0.6543459063958622,0.0,54.8,54.0,9.160696881075085,50.0,62.0,22.0,72.0,2.74,2.7,0.4580348440537542,2.5,3.1,1.1,3.6,,BLACK,E
background_gesture,50,7934,7934,2689,5245,0,0,0.3389210990673053,0.6610789009326947,0.0,53.78,54.0,10.625902122566693,49.0,60.75,14.0,77.0,2.6889999999999996,2.7,0.5312951061283346,2.45,3.0374999999999996,0.7,3.85,,BLACK,I
background_gesture,50,7966,7966,2747,5219,0,0,0.34484057243283955,0.6551594275671604,0.0,54.94,52.0,9.819618014932338,47.25,63.75,37.0,75.0,2.7469999999999994,2.6,0.4909809007466168,2.3625,3.1875,1.85,3.75,,BLACK,L
background_gesture,50,7900,7900,2664,5236,0,0,0.3372151898734177,0.6627848101265823,0.0,53.28,53.0,8.962598019843695,47.25,57.75,35.0,76.0,2.664,2.6500000000000004,0.44812990099218475,2.3625,2.8875,1.75,3.8,,BLACK,M
background_gesture,50,7883,7883,2511,5370,2,0,0.3185335532157808,0.6812127362679183,0.00025371051630090067,50.22,51.0,7.8565973836629555,44.5,55.75,33.0,69.0,2.511,2.55,0.3928298691831478,2.225,2.7874999999999996,1.65,3.45,,BLACK,N
background_gesture,50,7855,7855,2780,5075,0,0,0.3539147040101846,0.6460852959898155,0.0,55.6,55.0,10.40996382984953,49.0,60.75,32.0,79.0,2.78,2.75,0.5204981914924766,2.45,3.0374999999999996,1.6,3.95,,BLACK,O
background_gesture,50,7735,7735,2669,5065,1,0,0.34505494505494505,0.6548157724628313,0.0001292824822236587,53.38,53.0,6.436154257990797,50.0,57.0,37.0,71.0,2.6689999999999996,2.65,0.3218077128995398,2.5,2.85,1.85,3.55,,BLACK,P
background_gesture,50,7757,7757,2629,5128,0,0,0.33891968544540413,0.6610803145545958,0.0,52.58,50.5,7.997678234516386,47.0,58.0,39.0,75.0,2.6289999999999996,2.525,0.3998839117258193,2.35,2.9,1.95,3.75,,BLACK,R
background_gesture,50,7810,7810,2739,5071,0,0,0.35070422535211265,0.6492957746478873,0.0,54.78,56.5,12.144184801368759,52.0,61.5,21.0,79.0,2.739,2.825,0.6072092400684379,2.6,3.075,1.05,3.95,,BLACK,S
background_gesture,50,7825,7825,2796,5029,0,0,0.3573162939297125,0.6426837060702876,0.0,55.92,54.0,10.281427678199211,50.25,62.75,31.0,77.0,2.7960000000000003,2.7,0.5140713839099605,2.5125,3.1375,1.55,3.85,,BLACK,T
background_gesture,50,7442,7442,2489,4950,3,0,0.3344531040042999,0.6651437785541521,0.00040311744154797097,49.78,47.5,8.447412355875857,45.0,56.0,29.0,69.0,2.489,2.375,0.42237061779379287,2.25,2.8,1.45,3.45,,BLACK,U
background_gesture,50,7853,7853,2833,5020,0,0,0.3607538520310709,0.6392461479689291,0.0,56.66,55.0,9.270559061142022,51.0,60.75,45.0,90.0,2.8329999999999997,2.75,0.4635279530571011,2.55,3.0374999999999996,2.25,4.5,,BLACK,V
background_gesture,50,7704,7704,2620,5084,0,0,0.34008307372793356,0.6599169262720664,0.0,52.4,53.0,8.4225159845621,50.0,56.0,21.0,68.0,2.62,2.65,0.421125799228105,2.5,2.8,1.05,3.4,,BLACK,W
background_gesture,50,7786,7786,2711,5075,0,0,0.34818905728230154,0.6518109427176985,0.0,54.22,53.5,7.621907201465726,49.0,58.0,39.0,72.0,2.711,2.675,0.3810953600732863,2.45,2.9,1.95,3.6,,BLACK,Y
background_gesture,50,7829,7829,2441,5372,16,0,0.31178950057478605,0.6861668156852727,0.0020436837399412443,48.82,51.0,10.025864510538403,46.25,53.75,26.0,72.0,2.441,2.55,0.5012932255269202,2.3125,2.6875,1.3,3.6,,BLUE,A
background_gesture,50,7611,7611,2375,5195,41,0,0.3120483510708186,0.6825647089738537,0.005386939955327815,47.5,49.5,12.01911742489728,39.0,53.75,16.0,75.0,2.3749999999999996,2.475,0.6009558712448639,1.95,2.6875,0.8,3.75,,BLUE,B
background_gesture,50,7666,7666,2355,5305,6,0,0.3072006261414036,0.692016697104096,0.0007826767545003914,47.1,49.0,11.995322217516327,38.5,55.75,18.0,77.0,2.355,2.45,0.5997661108758164,1.9249999999999998,2.7874999999999996,0.9,3.85,,BLUE,C
background_gesture,50,7736,7736,2491,5235,10,0,0.3220010341261634,0.6767063081695966,0.0012926577042399173,49.82,48.5,11.356361159082175,43.0,55.75,24.0,78.0,2.491,2.425,0.5678180579541087,2.15,2.7874999999999996,1.2,3.9,,BLUE,E
background_gesture,50,7744,7744,2667,5054,23,0,0.3443956611570248,0.6526342975206612,0.0029700413223140497,53.34,54.0,12.296689449952432,47.0,61.75,25.0,98.0,2.667,2.7,0.6148344724976215,2.35,3.0875,1.25,4.9,,BLUE,I
background_gesture,50,7678,7678,2578,5099,1,0,0.33576452201094037,0.6641052357384736,0.00013024225058609013,51.56,52.0,11.212529434812229,47.25,57.5,15.0,82.0,2.5779999999999994,2.5999999999999996,0.5606264717406113,2.3625,2.875,0.75,4.1,,BLUE,L
background_gesture,50,7744,7744,2575,5169,0,0,0.3325154958677686,0.6674845041322314,0.0,51.5,47.5,12.604259079326143,42.25,57.5,30.0,86.0,2.575,2.375,0.6302129539663072,2.1125,2.875,1.5,4.3,,BLUE,M
background_gesture,50,7803,7803,2476,5327,0,0,0.3173138536460336,0.6826861463539664,0.0,49.52,48.0,11.475332906113113,43.5,56.5,27.0,84.0,2.4760000000000004,2.4,0.5737666453056557,2.175,2.825,1.35,4.2,,BLUE,N
background_gesture,50,7825,7825,2589,5236,0,0,0.3308626198083067,0.6691373801916933,0.0,51.78,49.5,13.870082323961505,43.0,58.75,27.0,83.0,2.589,2.475,0.6935041161980752,2.15,2.9375,1.35,4.15,,BLUE,O
background_gesture,50,7568,7568,2387,5181,0,0,0.31540697674418605,0.684593023255814,0.0,47.74,48.5,7.805832460933508,44.25,52.0,18.0,62.0,2.387,2.425,0.3902916230466754,2.2125000000000004,2.6,0.9,3.1,,BLUE,P
background_gesture,50,7629,7629,2386,5242,1,0,0.312753965133045,0.6871149560886093,0.00013107877834578582,47.72,48.5,9.300076804598367,42.25,52.75,27.0,72.0,2.386,2.425,0.46500384022991836,2.1125,2.6375,1.35,3.6,,BLUE,R
background_gesture,50,7727,7727,2611,5116,0,0,0.3379060437427203,0.6620939562572796,0.0,52.22,51.0,11.780804171989937,46.0,57.0,15.0,82.0,2.611,2.55,0.5890402085994968,2.3,2.85,0.75,4.1,,BLUE,S
background_gesture,50,7794,7794,2654,5138,2,0,0.3405183474467539,0.6592250449063382,0.00025660764690787786,53.08,52.5,11.273664453232659,46.0,61.0,32.0,73.0,2.654,2.625,0.563683222661633,2.3,3.05,1.6,3.65,,BLUE,T
background_gesture,50,7546,7546,2350,5195,1,0,0.3114232706069441,0.6884442088523721,0.00013252054068380598,47.0,46.0,10.629185850136157,39.25,55.75,30.0,70.0,2.35,2.3,0.5314592925068078,1.9625,2.7874999999999996,1.5,3.5,,BLUE,U
background_gesture,50,7713,7713,2637,5073,3,0,0.3418903150525088,0.6577207312329832,0.00038895371450797355,52.74,53.5,8.717353090127714,46.25,58.75,29.0,74.0,2.637,2.675,0.4358676545063856,2.3125,2.9375,1.45,3.7,,BLUE,V
background_gesture,50,7595,7595,2550,5045,0,0,0.3357472021066491,0.6642527978933509,0.0,51.0,53.0,10.513353995985199,45.25,55.75,31.0,80.0,2.55,2.65,0.52566769979926,2.2625,2.7874999999999996,1.55,4.0,,BLUE,W
background_gesture,50,7698,7698,2516,5172,10,0,0.32683813977656534,0.6718628215120811,0.0012990387113535984,50.32,50.0,11.869081769067746,43.5,58.5,19.0,79.0,2.516,2.5,0.5934540884533873,2.175,2.9250000000000003,0.95,3.95,,BLUE,Y
background_gesture,50,8476,8476,2831,5645,0,0,0.33400188768286926,0.6659981123171307,0.0,56.62,58.0,11.043309914946288,49.0,62.75,36.0,92.0,2.8310000000000004,2.9,0.5521654957473144,2.45,3.1375,1.8,4.6,,WHITE,A
background_gesture,50,8449,8449,2880,5569,0,0,0.34086874186294236,0.6591312581370576,0.0,57.6,57.5,9.570362413968128,52.0,64.75,38.0,75.0,2.8799999999999994,2.875,0.4785181206984065,2.6,3.2375,1.9,3.75,,WHITE,B
background_gesture,50,8460,8460,2803,5654,3,0,0.3313238770685579,0.6683215130023641,0.0003546099290780142,56.06,57.5,9.786308636799367,51.25,61.75,35.0,76.0,2.803,2.875,0.4893154318399683,2.5625,3.0875,1.75,3.8,,WHITE,C
background_gesture,50,9014,9014,3083,5929,2,0,0.3420235189704903,0.657754603949412,0.00022187708009762592,61.66,60.0,8.077709313605068,56.0,65.75,48.0,83.0,3.0829999999999997,3.0,0.40388546568025335,2.8,3.2874999999999996,2.4,4.15,,WHITE,E
background_gesture,50,9037,9037,3116,5919,2,0,0.34480469182250745,0.6549739957950648,0.00022131238242779683,62.32,62.5,9.827990016025762,58.25,67.0,40.0,85.0,3.116,3.125,0.4913995008012881,2.9125,3.35,2.0,4.25,,WHITE,I
background_gesture,50,9022,9022,3196,5824,2,0,0.3542451784526712,0.6455331412103746,0.00022168033695411216,63.92,62.0,11.438995246301046,56.0,70.0,45.0,105.0,3.1959999999999997,3.1,0.5719497623150523,2.8,3.5,2.25,5.25,,WHITE,L
background_gesture,50,8498,8498,2945,5543,10,0,0.34655212991292067,0.6522711226170864,0.0011767474699929394,58.9,57.0,10.795407186694286,53.25,66.0,37.0,86.0,2.9449999999999994,2.85,0.5397703593347143,2.6625,3.3,1.85,4.3,,WHITE,M
background_gesture,50,8931,8931,2872,6055,4,0,0.3215765311835181,0.6779755906393461,0.00044787817713581906,57.44,56.5,10.565944523490051,52.0,65.0,24.0,79.0,2.8720000000000003,2.825,0.5282972261745026,2.6,3.25,1.2,3.95,,WHITE,N
background_gesture,50,9074,9074,3129,5945,0,0,0.34483138637866434,0.6551686136213357,0.0,62.58,62.0,8.884956329638984,55.25,69.75,42.0,83.0,3.1290000000000004,3.0999999999999996,0.44424781648194916,2.7625,3.4875,2.1,4.15,,WHITE,O
background_gesture,50,8981,8981,3153,5828,0,0,0.3510744905912482,0.6489255094087518,0.0,63.06,64.5,10.947760930334345,54.25,71.75,36.0,83.0,3.153,3.225,0.5473880465167172,2.7125000000000004,3.5875,1.8,4.15,,WHITE,P
background_gesture,50,9044,9044,3130,5914,0,0,0.3460858027421495,0.6539141972578505,0.0,62.6,60.0,12.857142857142856,54.0,70.5,40.0,92.0,3.130000000000001,3.0,0.6428571428571429,2.7,3.525,2.0,4.6,,WHITE,R
background_gesture,50,8957,8957,3251,5695,11,0,0.36295634699118007,0.6358155632466228,0.0012280897621971642,65.02,63.0,10.865579428936618,58.25,71.75,38.0,90.0,3.2510000000000003,3.15,0.5432789714468309,2.9125,3.5875,1.9,4.5,,WHITE,S
background_gesture,50,8996,8996,3252,5743,1,0,0.3614939973321476,0.6383948421520675,0.00011116051578479324,65.04,63.5,11.524525754995345,57.25,73.5,36.0,90.0,3.252,3.175,0.5762262877497671,2.8625,3.6750000000000003,1.8,4.5,,WHITE,T
background_gesture,50,8769,8769,2991,5769,9,0,0.34108792336640437,0.657885733835101,0.0010263427984946972,59.82,59.5,10.781105921841192,53.25,67.0,34.0,92.0,2.991,2.975,0.5390552960920595,2.6625,3.35,1.7,4.6,,WHITE,U
background_gesture,50,9028,9028,3199,5829,0,0,0.35434204696499777,0.6456579530350022,0.0,63.98,63.0,9.881935694044182,57.0,68.0,42.0,94.0,3.199,3.15,0.49409678470220914,2.85,3.4,2.1,4.7,,WHITE,V
background_gesture,50,8997,8997,3173,5823,1,0,0.3526731132599755,0.6472157385795265,0.00011114816049794375,63.46,62.0,11.135913587513663,56.0,69.75,41.0,91.0,3.173,3.1,0.5567956793756832,2.8,3.4875,2.05,4.55,,WHITE,W
background_gesture,50,9018,9018,3176,5842,0,0,0.3521845198491905,0.6478154801508095,0.0,63.52,63.5,9.679011587250137,56.0,69.0,43.0,90.0,3.176,3.175,0.48395057936250696,2.8,3.45,2.15,4.5,,WHITE,Y
